{"environment": {"AGENT_COUNT": 300.0, "PERSISTENCE_FACTOR": 0.33285959556625305, "SENSING_RANGE": 26.59120402435774, "ALPHA_ATTRACTANT": 114.73369001823822, "ALPHA_REPELLENT": 86.36846120680205, "BETA_ATTRACTANT": 0.0013402176910195416, "BETA_REPELLENT": 0.0016527492859052205, "ATTRACTANT_CREATION": 0.010462250558435433, "REPELLENT_CREATION": 0.001233086086881055, "OXYGEN": 0.0, "H": 0.0}}