{"environment": {"AGENT_COUNT": 100, "PERSISTENCE_FACTOR": 0.416760201357365, "OXYGEN_CONSUMPTION": 0.0009662595270671422, "OXYGEN_GLOBAL": 0.14069398378660006, "OXYGEN_DIFFUSION": 0.0028251770157764174, "SENSING_RANGE": 35, "BETA_ATTRACTANT": 0.0019981694555952644, "BETA_REPELLENT": 0.0010930702416049696, "ATTRACTANT_CREATION": 0.005, "ALPHA_ATTRACTANT": 15.0, "ALPHA_REPELLENT": 15.0, "REPELLENT_CREATION": 5.298415701106441e-05, "OXYGEN": 0, "PHEROMONES": 1, "H": 0.0368542398270062}}