{"environment": {"AGENT_COUNT": 300.0, "PERSISTENCE_FACTOR": 0.4691061265296481, "SENSING_RANGE": 1.3014586442974085, "ALPHA_ATTRACTANT": 24.89379267041822, "ALPHA_REPELLENT": 131.52235237386685, "BETA_ATTRACTANT": 0.0016833739191779277, "BETA_REPELLENT": 0.0011895626085262991, "ATTRACTANT_CREATION": 0.01498881683313115, "REPELLENT_CREATION": 0.00040050717239297276, "OXYGEN": 0.0, "H": 0.0}}